time/total_timesteps,eval/mean_reward,eval/mean_ep_length
10000,40.836158880000006,0.6925895678246575
20000,57.10439356,1.4755773433021686
30000,165.9678401,7.383498548644562
40000,155.19075166,7.357032145320199
50000,250.62248497999997,4.2000389246135565