time/total_timesteps,eval/mean_reward,eval/mean_ep_length
10000,40.816967680000005,0.5873698208570274
20000,86.57453836,2.437522270362754
30000,56.49935648,0.9846257218082661
40000,184.09160603999996,1.3400745526528586
50000,175.85666375999998,0.9469929008383872