time/total_timesteps,eval/mean_reward,eval/mean_ep_length
10000,40.83931274,0.7122148551723645
20000,58.46601340000001,1.0219001762725552
30000,176.96947454000002,1.50373153514231
40000,172.12176092,1.9449914961893353
50000,222.45569529999995,1.7687343680527627