time/total_timesteps,eval/mean_reward,eval/mean_ep_length
10000,40.783328219999994,0.5324431318268005
20000,71.006206,1.585292237845526
30000,209.99304379999998,1.1325614287304677
40000,183.85896119999998,1.529430788482159
50000,190.11753934,3.3903825132050094