time/total_timesteps,eval/mean_reward,eval/mean_ep_length
10000,40.828894420000005,0.7681062575006425
20000,22.1847883,0.5455930214777769
30000,50.11103747999999,1.0576567935701495
40000,44.20171265999999,0.7846344658321757
50000,43.35854714,0.8786190341135122