time/total_timesteps,eval/mean_reward,eval/mean_ep_length
10000,40.827311460000004,0.755356147872517
20000,69.57184233999999,1.2476261803253024
30000,188.05314174000003,1.3574938980005873
40000,174.71946350000002,0.784716779784789
50000,188.31573218000003,0.9627942283357058