time/total_timesteps,eval/mean_reward,eval/mean_ep_length
10000,40.84779118,0.696865850205582
20000,91.90747110000001,2.567756945486058
30000,55.44168426000001,1.0950365522690981
40000,185.52398269999998,1.2129302701856233
50000,177.01465205999997,1.3856384097610084