time/total_timesteps,eval/mean_reward,eval/mean_ep_length
10000,40.86316692,0.6486580357150858
20000,26.823294540000003,0.2470864529845544
30000,14.881532159999999,0.0723793496186198
40000,22.58808064,0.9107221427573343
50000,45.09334066,1.008444056455044