time/total_timesteps,eval/mean_reward,eval/mean_ep_length
10000,40.862577220000006,0.6554984236786932
20000,83.45607958000001,1.9677784826454943
30000,52.64759164,1.0747649722428763
40000,174.74833104,0.7788830637441528
50000,178.13197226000003,1.1345403398038478