time/total_timesteps,eval/mean_reward,eval/mean_ep_length
10000,40.82463006,0.5673243231983416
20000,97.10102044,3.1751395439509245
30000,55.10302526,0.9720463581254714
40000,77.73875728,6.269688703505136
50000,171.36410611999997,0.698243826946451