time/total_timesteps,eval/mean_reward,eval/mean_ep_length
10000,40.80444462,0.710989536022462
20000,49.497764800000006,0.9614527063168524
30000,173.03109573999998,1.130153297592673
40000,173.3234218,1.325080783168301
50000,202.32695206,3.8914528125623993