time/total_timesteps,eval/mean_reward,eval/mean_ep_length
10000,40.84560948,0.6868365442019587
20000,95.59964305999998,1.9993968004790574
30000,172.56113552,1.02296673857115
40000,174.64596602,1.4438153314699707
50000,174.00469566,1.4030670661788287