time/total_timesteps,eval/mean_reward,eval/mean_ep_length
10000,40.936431340000006,0.6784634344381016
20000,83.98769854,1.7078545943013563
30000,196.59095648000002,1.5014797344708082
40000,178.8632448,1.676712667751539
50000,176.39601657999995,0.7710019935104456