time/total_timesteps,eval/mean_reward,eval/mean_ep_length
10000,40.84719328,0.739157956952235
20000,172.79293130000002,1.651091721364048
30000,171.92813218,1.4791690961949648
40000,54.95596232,0.6427826087395784
50000,183.0562428,1.0273064676180517