time/total_timesteps,eval/mean_reward,eval/mean_ep_length
10000,40.861975,0.5938631505808386
20000,56.09542554000001,0.8853108643798561
30000,180.22951954,1.6742204558765041
40000,276.34633357999996,2.3832194660609014
50000,277.46122814,4.354255519035446