time/total_timesteps,eval/mean_reward,eval/mean_ep_length
10000,40.868580539999996,0.6319607575010718
20000,81.05682738,1.7397165142816111
30000,204.8889261,1.585578425943168
40000,176.25237975999997,1.3733041402416366
50000,181.06963747999998,1.232233735834046