time/total_timesteps,eval/mean_reward,eval/mean_ep_length
10000,40.91057822,0.7033446234820391
20000,105.8953747,7.1551981199604695
30000,171.11316223999998,1.3330026306894618
40000,173.26745032000002,0.8360132150929798
50000,195.34511195999997,2.3324585255939105