time/total_timesteps,eval/mean_reward,eval/mean_ep_length
10000,40.816358,0.5735063252816659
20000,93.66752793999999,1.9402841795237458
30000,207.90673635999997,1.1281286332471272
40000,183.68798052000002,1.1282497847265587
50000,232.70039324,2.0483708923383825