time/total_timesteps,eval/mean_reward,eval/mean_ep_length
10000,40.64400926,0.6683138590289095
20000,44.282817279999996,0.9006935233028834
30000,172.65371445999997,1.8789905029441847
40000,174.01508042,2.844871089109494
50000,184.77134491999996,8.380795346211247