time/total_timesteps,eval/mean_reward,eval/mean_ep_length
10000,40.81052532,0.6185890148570197
20000,42.4605463,1.044887546786012
30000,27.779585780000005,0.5738674915111428
40000,15.46450896,0.07932142899115213
50000,11.102782600000001,0.06115427068063201