time/total_timesteps,eval/mean_reward,eval/mean_ep_length
10000,40.697984919999996,0.7266398313928799
20000,84.01622644000001,1.8635731468182202
30000,54.15365488,0.8711939341577316
40000,51.776369239999994,1.9597373914630862
50000,178.23615788000004,1.4362256517685321