time/total_timesteps,eval/mean_reward,eval/mean_ep_length
10000,40.9228049,0.639029811901518
20000,89.50630832,2.394375722519626
30000,55.62302175999999,1.0527351266046474
40000,183.81777046,1.4383268751572458
50000,179.71805239999998,1.4897073642498646