time/total_timesteps,eval/mean_reward,eval/mean_ep_length
10000,40.76018788,0.7427488257722293
20000,82.34389242000002,2.129927975010537
30000,51.790646560000006,0.882625506029418
40000,63.86360794,3.5775484051766475
50000,179.07052295999998,0.8371178882628413