time/total_timesteps,eval/mean_reward,eval/mean_ep_length
10000,40.90374774,0.5389580790230647
20000,90.38576133999999,2.835394252012828
30000,55.549314059999986,1.299342599761393
40000,187.43655502000001,1.5438629196377336
50000,184.19362093999996,1.2387085372188784