time/total_timesteps,eval/mean_reward,eval/mean_ep_length
10000,40.888163139999996,0.6074113854691894
20000,55.25622574,1.1662816770553635
30000,179.10072272000002,0.9016713191343962
40000,176.46080857999996,3.9959839633720646
50000,182.10472778,1.0726781091608655