time/total_timesteps,eval/mean_reward,eval/mean_ep_length
10000,40.79581412,0.6068295859998467
20000,75.41878129999999,1.4110697189120085
30000,145.46673378000003,7.270755621975727
40000,173.03948683999997,1.7750646853170193
50000,178.11240194,2.3258076932844163