time/total_timesteps,eval/mean_reward,eval/mean_ep_length
10000,40.80304288,0.7197079265219648
20000,56.11500522,1.0648125406208608
30000,174.98266144,2.3222841807880212
40000,175.61383627999996,1.1765972416817583
50000,176.52091056,1.4882622086672241