time/total_timesteps,eval/mean_reward,eval/mean_ep_length
10000,40.84781606,0.5056654640551757
20000,65.67177834,1.244955258506756
30000,194.68368314000003,1.4212622706887845
40000,180.20969467999998,1.577340492142268
50000,184.84063434,0.8356848852153455