time/total_timesteps,eval/mean_reward,eval/mean_ep_length
10000,40.84405242,0.733578336104607
20000,83.91642524000001,1.926946977024667
30000,54.85142848,1.011548373830876
40000,178.49680987999997,1.0825498760123486
50000,178.69201447999995,1.5174690497180643