time/total_timesteps,eval/mean_reward,eval/mean_ep_length
10000,40.80872612,0.74654413319987
20000,88.96165288,2.178166260234352
30000,57.10260058000001,1.1313468114001308
40000,176.31321752,0.7345189668240905
50000,176.56701984,1.1298326295964436